Workbook

Sheet Line Sheet
B1: ALANA WINA TRUDI — WHOLESALE LINE SHEET
B2: Hand-beaded Dayak earrings · Kampung Manik, Samarinda, East Kalimantan, Indonesia
B3: beads.alwintru.com · Season 2026 · prices EXW Samarinda unless agreed otherwise
A5: Photo | B5: SKU | C5: Product name | D5: Group | E5: Description | F5: Materials | G5: Drop / size | H5: Weight (g/pair) | I5: Colourway | J5: Lead time | K5: Care | L5: Wholesale EUR | M5: Wholesale USD | N5: RRP EUR | O5: MOQ (pairs) | P5: HS code | Q5: Notes
B6: AWT-EAR-SEGITIGA-HIJAU | C6: Segitiga Hijau Earrings | D6: Fringed panels | E6: A yellow kite panel inside a red outline, banded in green across the lower third and closed with a short dense fringe. | F6: Glass seed beads, cotton thread, steel ear wires | G6: ≈ 7 cm drop | I6: Yellow / red / green | J6: Confirmed per order | K6: Keep dry
B7: AWT-EAR-SEGITIGA-KUNING | C7: Segitiga Kuning Earrings | D7: Fringed panels | E7: Small stepped black triangles scattered across a yellow field, over a chevron band and a matching fringe. Two colours only. | F7: Glass seed beads, cotton thread, steel ear wires | G7: ≈ 7 cm drop | I7: Yellow / black | J7: Confirmed per order | K7: Keep dry
B8: AWT-EAR-PIRAMIDA-HITAM | C8: Piramida Hitam Earrings | D8: Fringed panels | E8: Nested triangle outlines stepping inward on a black ground, over a fringe as long as the panel itself. The longest pair in the line. | F8: Glass seed beads, cotton thread, steel ear wires | G8: ≈ 9 cm drop | I8: Black / yellow / red | J8: Confirmed per order | K8: Keep dry
B9: AWT-EAR-SEGITIGA-BERLIAN | C9: Segitiga Berlian Earrings | D9: Fringed panels | E9: A red diamond centred on a yellow field above a row of small red triangles, closing in a bold red and black zigzag fringe. | F9: Glass seed beads, cotton thread, steel ear wires | G9: ≈ 8 cm drop | I9: Yellow / red / black | J9: Confirmed per order | K9: Keep dry
B10: AWT-EAR-SEGITIGA-BUNGA | C10: Segitiga Bunga Earrings | D10: Fringed panels | E10: Three small flowers on a solid green field, above a yellow band and a fringe that waves up and down in a scallop. | F10: Glass seed beads, cotton thread, steel ear wires | G10: ≈ 7.5 cm drop | I10: Green / red / yellow | J10: Confirmed per order | K10: Keep dry
B11: AWT-EAR-RUMBAI-MERAH | C11: Rumbai Merah Earrings | D11: Fringed panels | E11: A small red panel carrying white and yellow flowers, with long fringe strands that splay outward like a fan. | F11: Glass seed beads, cotton thread, steel ear wires | G11: ≈ 9 cm drop | I11: Red / white / yellow | J11: Confirmed per order | K11: Keep dry
B12: AWT-EAR-RUMBAI-PUTIH | C12: Rumbai Putih Earrings | D12: Fringed panels | E12: Three red flowers on a white panel, over long separated fringe strands banded in black, red and yellow. | F12: Glass seed beads, cotton thread, steel ear wires | G12: ≈ 9 cm drop | I12: White / red / yellow | J12: Confirmed per order | K12: Keep dry
B13: AWT-EAR-RUMBAI-HITAM | C13: Rumbai Hitam Earrings | D13: Fringed panels | E13: A single bold triangle on a black panel, over the widest fan fringe in the line. The most graphic pair from across a room. | F13: Glass seed beads, cotton thread, steel ear wires | G13: ≈ 9.5 cm drop | I13: Black / yellow / red | J13: Confirmed per order | K13: Keep dry
B14: AWT-EAR-ROSET-KUNING | C14: Roset Kuning Earrings | D14: Rosettes | E14: A round rosette in concentric rings out from a dark centre, its outer edge scalloped into petals, finishing in a banded fringe. | F14: Glass seed beads, cotton thread, steel ear wires | G14: ≈ 8 cm drop | I14: Yellow / red / white / black | J14: Confirmed per order | K14: Keep dry
B15: AWT-EAR-ROSET-HIJAU | C15: Roset Hijau Earrings | D15: Rosettes | E15: The rosette in its warmest colourway: green petals ringed in orange, over a long fringe in the same three colours. | F15: Glass seed beads, cotton thread, steel ear wires | G15: ≈ 8.5 cm drop | I15: Green / orange / yellow | J15: Confirmed per order | K15: Keep dry
B16: AWT-EAR-ROSET-MERAH | C16: Roset Merah Earrings | D16: Rosettes | E16: A red and yellow rosette on a black centre, over a white and red chevron fringe. The brightest of the three rosettes. | F16: Glass seed beads, cotton thread, steel ear wires | G16: ≈ 8 cm drop | I16: Red / yellow / white / black | J16: Confirmed per order | K16: Keep dry
B17: AWT-EAR-BUNGA-MERAH | C17: Bunga Merah Earrings | D17: Flat flowers | E17: Five petals outlined bead by bead around an open centre, with no fringe at all. The lightest pair in the line. | F17: Glass seed beads, cotton thread, steel ear wires | G17: ≈ 4.5 cm drop | I17: Red / white | J17: Confirmed per order | K17: Keep dry
... B22: AWT-EAR-HOOP-KUNING | C22: Hoop Kuning Earrings | D22: Hoops | E22: Ring and rosette in one colour, the flower picked out only in black. The quietest hoop of the four. | F22: Glass seed beads, cotton thread, moulded resin ring, steel ear wires | G22: ≈ 5 cm diameter | I22: Yellow ring / yellow / black | J22: Confirmed per order | K22: Keep dry
B24: HOW TO USE
B25: · Yellow cells are yours to fill in: weight, wholesale EUR/USD, RRP, MOQ and HS code.
B26: · Example format — weight 8.0 · wholesale €6.50 / $7.00 · RRP €19.90 · MOQ 12 · HS 7117 90 00.
B27: · The example HS code 7117 90 00 (imitation jewellery) is a suggestion only — confirm with your forwarder before it goes on paperwork.
B28: ⚠ Drop/size values marked ≈ are estimates from the product imagery, not measurements off finished stock. Measure before sending to buyers.
B29: ⚠ Product photography is AI-generated visualisation; pieces are handmade and vary. State this to buyers if asked.
B30: · Descriptions and names match beads.alwintru.com/collection (catalog of 2026-08-09).

Sheet Order Form
B1: ORDER FORM — ALANA WINA TRUDI
B2: Retailer:
B3: Contact:
B4: Date:
B6: SKU | C6: Product name | D6: Wholesale EUR | E6: Qty (pairs) | F6: Line total EUR
B7: ='Line Sheet'!B6 | C7: ='Line Sheet'!C6 | D7: ='Line Sheet'!L6 | F7: =IF(E7="",0,D7*E7)
B8: ='Line Sheet'!B7 | C8: ='Line Sheet'!C7 | D8: ='Line Sheet'!L7 | F8: =IF(E8="",0,D8*E8)
B9: ='Line Sheet'!B8 | C9: ='Line Sheet'!C8 | D9: ='Line Sheet'!L8 | F9: =IF(E9="",0,D9*E9)
B10: ='Line Sheet'!B9 | C10: ='Line Sheet'!C9 | D10: ='Line Sheet'!L9 | F10: =IF(E10="",0,D10*E10)
B11: ='Line Sheet'!B10 | C11: ='Line Sheet'!C10 | D11: ='Line Sheet'!L10 | F11: =IF(E11="",0,D11*E11)
B12: ='Line Sheet'!B11 | C12: ='Line Sheet'!C11 | D12: ='Line Sheet'!L11 | F12: =IF(E12="",0,D12*E12)
B13: ='Line Sheet'!B12 | C13: ='Line Sheet'!C12 | D13: ='Line Sheet'!L12 | F13: =IF(E13="",0,D13*E13)
B14: ='Line Sheet'!B13 | C14: ='Line Sheet'!C13 | D14: ='Line Sheet'!L13 | F14: =IF(E14="",0,D14*E14)
B15: ='Line Sheet'!B14 | C15: ='Line Sheet'!C14 | D15: ='Line Sheet'!L14 | F15: =IF(E15="",0,D15*E15)
B16: ='Line Sheet'!B15 | C16: ='Line Sheet'!C15 | D16: ='Line Sheet'!L15 | F16: =IF(E16="",0,D16*E16)
B17: ='Line Sheet'!B16 | C17: ='Line Sheet'!C16 | D17: ='Line Sheet'!L16 | F17: =IF(E17="",0,D17*E17)
B18: ='Line Sheet'!B17 | C18: ='Line Sheet'!C17 | D18: ='Line Sheet'!L17 | F18: =IF(E18="",0,D18*E18)
... B23: ='Line Sheet'!B22 | C23: ='Line Sheet'!C22 | D23: ='Line Sheet'!L22 | F23: =IF(E23="",0,D23*E23)
E24: TOTAL | F24: =SUM(F7:F23)
